member_casual,mean,median,max,min
casual,22.327087340765495,12.815816666666668,1499.6377,0.0011666666666666
member,12.346390449190013,8.711533333333334,1498.44835,0.0013
